GENE	rsID	ALLELES	DRUG_SUBSTRATES	KNL	KNK	NGY	TZA	TZB	SAV	ZWD	ZWS	AFR	EUR	Fisher_P_AFRvsEUR
ABCB1	rs2032582	A/C	Atazanavir, Ritonavir, Efavirenz	0	5	0	5	0	0	0	0	4	43	1.010^-10
ABCB1	rs3842	T/C	Efavirenz	--	--	--	--	--	--	--	--	31	13	1.510^-04
ABCB1	rs1045642	A/G	Rifampin, Efavirenz, Nevirapine, Nelfinavir	6	18	8	14	15	13	7	5	14	52	3.410^-111
ABCC2	rs17222723	T/G	Tenofovir	11	0	12	5	0	3	26	0	8	7	0.512
ABCC2	rs3740065	A/G	Isoniazid, Rifampin, Pyrazinamide, Ethambutol	25	17	9	8	17	25	34	18	24	12	9.110^-16
CYP2A6	rs28399433	A/C	Efavirenz	6	0	12	0	15	8	0	7	8	7	0.389
CYP2B6	rs28399499	T/C	Efavirenz, Nevirapine	0	5	8	0	15	8	5	10	8	0	--
CYP2B6	rs2279345	T/C	Efavirenz	11	36	17	27	20	29	12	33	22	38	6.710^-20
CYP2B6	rs12721646	C/T	Nevirapine	17	14	29	23	30	17	26	25	20	0	5.810^-19
CYP2B6	rs3745274	G/T	Efavirenz, Rifampin, Nevirapine	44	41	46	41	50	39	29	30	37	24	1.610^-14
CYP2B6	rs2306606	C/T	Efavirenz	30	35	59	36	33	18	28	15	41	24	4.410^-15
CYP2D6	rs28371706	G/G	Nevirapine	22	32	25	18	10	13	26	20	21	0.2	1.410^-18
CYP2D6	rs1065852	G/G	Tafenoquine, Primaquine	9	0	14	10	11	12	5	11	10	20	5.110^-15
CYP2C19	rs12768009	G/G	Nevirapine	0	0	0	0	0	0	8	14	17	15	0.113
CYP2C19	rs4244285	G/G	Nelfinavir	17	14	8	18	10	11	12	20	16	15	0.229
CYP2C8	rs11572103	A/T	Amodiaquine	5	0	14	15	18	26	17	16	17	0.4	2.110^-24
CYP3A5	rs10264272	T/C	Lumefantrine	22	9	17	23	15	21	36	18	18	0.7	8.010^-29
CYP3A5	rs776746	C/T	Atazanavir, Ritonavir, Nevirapine	22	36	25	23	45	13	30	31	22	94	1.310^-89
CYP3A4	rs2740574	C/T	Efavirenz, Atazanavir, Lumefantrine	--	--	--	--	--	--	--	--	26	97	4.110^-125
NAT2	rs1495741	G/G	Isoniazid	0	0	50	0	0	50	0	50	40	24	2.710^-17
SLCO1B1	rs4149032	C/T	Isoniazid, Rifampin, Pyrazinamide, Ethambutol	39	23	29	18	40	21	17	25	28	66	1.610^-93
NR1I2	rs2472677	C/T	Atazanavir, Isoniazid	--	--	--	--	--	--	--	--	39	66	1.310^-45
NR1I3	rs2307424	G/G	Efavirenz	--	--	--	--	--	--	--	--	12	35	4.610^-48
ABCC4	rs1751034	C/T	Tenofovir	17	32	21	32	35	32	31	20	27	19	4.510^-07
SLC28A2	rs11854484	C/T	Tenofovir	--	--	--	--	--	--	--	--	11	61	2.010^-184
